{"cameraMode":{"drawMode":0,"name":"Shaded","section":"Shading Mode"},"sceneLighting":false,"audioPlay":false,"sceneViewState":{"showFog":false,"showMaterialUpdate":false,"showSkybox":false,"showFlares":false,"showImageEffects":false,"showParticleSystems":false},"in2DMode":false,"pivot":{"x":0.015846166759729387,"y":0.6438210010528565,"z":0.0},"rotation":{"x":-0.000023357859390671365,"y":0.999947726726532,"z":0.002691033063456416,"w":0.010805546306073666},"size":2.774869680404663,"orthographic":false}