{"cameraMode":{"drawMode":0,"name":"Shaded","section":"Shading Mode"},"sceneLighting":true,"audioPlay":false,"sceneViewState":{"showFog":false,"showMaterialUpdate":false,"showSkybox":false,"showFlares":false,"showImageEffects":false,"showParticleSystems":false},"in2DMode":false,"pivot":{"x":-0.825927734375,"y":134.154296875,"z":40.457366943359378},"rotation":{"x":0.020350119099020959,"y":0.9413315057754517,"z":0.057668108493089679,"w":-0.3319339156150818},"size":546.5999755859375,"orthographic":false}